layer,split,c_value,l1_ratio,threshold,auroc,average_precision,balanced_accuracy,precision,recall,specificity,step_f1,brier_score,log_loss,expected_calibration_error,error_accuracy,correct_accuracy,process_f1,first_error_exact,error_detection_rate,error_miss_rate,correct_false_alarm_rate,early_detection_rate,on_time_detection_rate,late_detection_rate,mean_signed_localization_error,mean_absolute_localization_error,error_within_0_accuracy,error_within_1_accuracy,error_within_2_accuracy
0,validation,0.1,,0.6,0.6866105028974779,0.5821662820448026,0.6048801135271529,0.6171232876712329,0.4104783599088838,0.7992818671454219,0.4930232558139534,0.22236163355270305,0.6345967238663317,0.05171184348199093,0.07882882882882883,0.3562231759656652,0.12909103028417804,0.17429837518463812,0.7027027027027027,0.2972972972972973,0.6437768240343348,0.10135135135135136,0.07882882882882883,0.5225225225225225,1.7884615384615385,2.75,0.07882882882882883,0.18018018018018017,0.3063063063063063
0,test,0.1,,0.6,0.6929165023307896,0.5872973688883123,0.6117174914201956,0.6255144032921811,0.41815680880330125,0.8052781740370899,0.5012366034624897,0.22119447995088456,0.6321001023428319,0.05498713095240371,0.06018518518518518,0.4050632911392405,0.10479909308477138,0.18236173393124067,0.7037037037037037,0.2962962962962963,0.5949367088607594,0.10416666666666667,0.06018518518518518,0.5393518518518519,1.8717105263157894,2.6151315789473686,0.06018518518518518,0.17824074074074073,0.3263888888888889
0,test_error_traces,0.1,,0.6,0.7898481562351631,0.8517206015242967,0.6620508977468148,0.8958742632612967,0.41815680880330125,0.9059449866903283,0.570178180681463,0.20018066809086132,0.5900437378632529,0.16244002320594275,0.06018518518518518,,0.0,0.06018518518518518,0.7037037037037037,0.2962962962962963,,0.10416666666666667,0.06018518518518518,0.5393518518518519,1.8717105263157894,2.6151315789473686,0.06018518518518518,0.17824074074074073,0.3263888888888889
1,validation,0.01,,0.595,0.8012607402984585,0.7546737628108389,0.7160806958854586,0.7317608337904553,0.607744874715262,0.8244165170556553,0.6640119462419114,0.18159543468646314,0.5385497129952143,0.035889289720218424,0.22297297297297297,0.4978540772532189,0.30800177012511565,0.3175775480059084,0.8243243243243243,0.17567567567567569,0.5021459227467812,0.18468468468468469,0.22297297297297297,0.4166666666666667,0.7103825136612022,1.6666666666666667,0.22297297297297297,0.49324324324324326,0.6418918918918919
1,test,0.01,,0.595,0.8117575861038236,0.758929168203209,0.7257836777355464,0.7284663865546218,0.635946813388354,0.8156205420827389,0.6790697674418605,0.17779307934764418,0.5292901563471903,0.047183063246651766,0.2013888888888889,0.459915611814346,0.28011874695378614,0.2929745889387145,0.8402777777777778,0.1597222222222222,0.540084388185654,0.1875,0.2013888888888889,0.4513888888888889,0.71900826446281,1.7493112947658402,0.2013888888888889,0.44907407407407407,0.6157407407407407
1,test_error_traces,0.01,,0.595,0.8457518286305014,0.8983200707124643,0.7465448352656056,0.8959948320413437,0.635946813388354,0.8571428571428571,0.7438991686779297,0.16368030879901643,0.498091910280049,0.12755778800799683,0.2013888888888889,,0.0,0.2013888888888889,0.8402777777777778,0.1597222222222222,,0.1875,0.2013888888888889,0.4513888888888889,0.71900826446281,1.7493112947658402,0.2013888888888889,0.44907407407407407,0.6157407407407407
2,validation,0.01,,0.57,0.8203797597771989,0.7821376654942394,0.741969467084896,0.7326781326781326,0.6792710706150342,0.8046678635547576,0.7049645390070922,0.1731452968593207,0.5185569663008971,0.040062408095724894,0.24549549549549549,0.45064377682403434,0.3178416207284391,0.31610044313146235,0.8693693693693694,0.13063063063063063,0.5493562231759657,0.21846846846846846,0.24549549549549549,0.40540540540540543,0.5414507772020726,1.5829015544041452,0.24549549549549549,0.536036036036036,0.6824324324324325
2,test,0.01,,0.57,0.8319200447909287,0.7915997609271899,0.7409391247585653,0.7180825818699573,0.6937184777624943,0.7881597717546363,0.7056902985074628,0.1682807091543893,0.5052526567787323,0.048183289198149695,0.2569444444444444,0.4008438818565401,0.31315426076885383,0.30792227204783257,0.8981481481481481,0.10185185185185185,0.5991561181434599,0.22453703703703703,0.2569444444444444,0.4166666666666667,0.5025773195876289,1.6778350515463918,0.2569444444444444,0.4861111111111111,0.6736111111111112
2,test_error_traces,0.01,,0.57,0.8512400594470191,0.9063109464352118,0.7545788484642107,0.8791400348634515,0.6937184777624943,0.8154392191659272,0.7754997437211686,0.1572533765980983,0.48020158089607784,0.11080992698412621,0.2569444444444444,,0.0,0.2569444444444444,0.8981481481481481,0.10185185185185185,,0.22453703703703703,0.2569444444444444,0.4166666666666667,0.5025773195876289,1.6778350515463918,0.2569444444444444,0.4861111111111111,0.6736111111111112
3,validation,0.01,,0.605,0.8211867186317852,0.7831930114235296,0.7303157576178928,0.7482327351821643,0.626879271070615,0.8337522441651706,0.6822012890431334,0.1726060348807626,0.5166439205362686,0.03565802520752212,0.21621621621621623,0.5236051502145923,0.30605205393540297,0.32200886262924666,0.831081081081081,0.16891891891891891,0.47639484978540775,0.18018018018018017,0.21621621621621623,0.4346846846846847,0.7073170731707317,1.5311653116531165,0.21621621621621623,0.5135135135135135,0.6711711711711712
3,test,0.01,,0.605,0.8338968173454964,0.797417921664648,0.7474102791518764,0.7548353371667538,0.6620816139385602,0.8327389443651926,0.7054225696140694,0.16721512927115798,0.5031135837195782,0.04768258494420184,0.23842592592592593,0.5358649789029536,0.3300157678965626,0.34379671150971597,0.8634259259259259,0.13657407407407407,0.4641350210970464,0.19907407407407407,0.23842592592592593,0.42592592592592593,0.6970509383378016,1.6514745308310992,0.23842592592592593,0.4976851851851852,0.6759259259259259
3,test_error_traces,0.01,,0.605,0.854259196651569,0.9103394644423506,0.7591685798175498,0.8991282689912827,0.6620816139385602,0.8562555456965395,0.7626089252706628,0.15669790023684027,0.47866369772630657,0.1105701228781848,0.23842592592592593,,0.0,0.23842592592592593,0.8634259259259259,0.13657407407407407,,0.19907407407407407,0.23842592592592593,0.42592592592592593,0.6970509383378016,1.6514745308310992,0.23842592592592593,0.4976851851851852,0.6759259259259259
4,validation,0.01,,0.6849999999999999,0.8230168941163,0.7805345712956654,0.7096992920911325,0.7860496311200537,0.5339407744874716,0.8854578096947935,0.6359196961475856,0.17195369816143727,0.5148019920882508,0.03343030771251608,0.21621621621621623,0.6094420600858369,0.3191907839280697,0.3515509601181684,0.7747747747747747,0.22522522522522523,0.3905579399141631,0.11486486486486487,0.21621621621621623,0.4436936936936937,1.186046511627907,1.7674418604651163,0.21621621621621623,0.44819819819819817,0.5765765765765766
4,test,0.01,,0.6849999999999999,0.8332483038248235,0.7924551257281274,0.7232634521588011,0.7822529893014475,0.5699220541036222,0.87660485021398,0.6594164456233421,0.16788805542296545,0.5060540482560011,0.048114660004260484,0.2037037037037037,0.6666666666666666,0.3120567375886525,0.36771300448430494,0.7754629629629629,0.22453703703703703,0.3333333333333333,0.1412037037037037,0.2037037037037037,0.4305555555555556,1.017910447761194,1.8597014925373134,0.2037037037037037,0.39814814814814814,0.5671296296296297
4,test_error_traces,0.01,,0.6849999999999999,0.8499979861569649,0.9058257453332107,0.7263984715948457,0.904,0.5699220541036222,0.8828748890860693,0.6991001124859392,0.15822042850551116,0.4821102781319224,0.10593711419302886,0.2037037037037037,,0.0,0.2037037037037037,0.7754629629629629,0.22453703703703703,,0.1412037037037037,0.2037037037037037,0.4305555555555556,1.017910447761194,1.8597014925373134,0.2037037037037037,0.39814814814814814,0.5671296296296297
5,validation,0.01,,0.625,0.8179300924657396,0.7698417763363246,0.7195421289612838,0.7492844876931883,0.5963553530751708,0.8427289048473968,0.6641298833079655,0.17432280030309666,0.5218622946164944,0.032769178872295246,0.24324324324324326,0.5450643776824035,0.3363743378457916,0.34711964549483015,0.831081081081081,0.16891891891891891,0.45493562231759654,0.14864864864864866,0.24324324324324326,0.4391891891891892,0.9376693766937669,1.6964769647696476,0.24324324324324326,0.481981981981982,0.6081081081081081
5,test,0.01,,0.625,0.8405544643435297,0.8043707207745218,0.7474870509869637,0.7668112798264642,0.6483264557542412,0.8466476462196861,0.702608695652174,0.16382777363502488,0.4957777507963114,0.04814169387920628,0.25,0.5780590717299579,0.3490445859872612,0.3662182361733931,0.8495370370370371,0.15046296296296297,0.4219409282700422,0.18055555555555555,0.25,0.41898148148148145,0.7384196185286104,1.67574931880109,0.25,0.4652777777777778,0.6481481481481481
5,test_error_traces,0.01,,0.625,0.8533678168354835,0.9085474566789878,0.7531783121717079,0.8983481575603558,0.6483264557542412,0.8580301685891748,0.7531291611185087,0.1557581578903416,0.47725353496541845,0.10440803038640468,0.25,,0.0,0.25,0.8495370370370371,0.15046296296296297,,0.18055555555555555,0.25,0.41898148148148145,0.7384196185286104,1.67574931880109,0.25,0.4652777777777778,0.6481481481481481
6,validation,0.01,,0.4699999999999999,0.8237836113576228,0.7770232744212872,0.7472638565697296,0.6878306878306878,0.7699316628701595,0.7245960502692999,0.7265692175408426,0.17219072336890737,0.5163481061849221,0.03692365042858166,0.30180180180180183,0.34334763948497854,0.3212370021875281,0.31610044313146235,0.9324324324324325,0.06756756756756757,0.6566523605150214,0.28153153153153154,0.30180180180180183,0.3490990990990991,0.043478260869565216,1.3526570048309179,0.30180180180180183,0.6238738738738738,0.7792792792792793
6,test,0.01,,0.4699999999999999,0.8393967548815114,0.7991812818248424,0.7610097679283083,0.6909378709932726,0.8005502063273727,0.7214693295292439,0.7417162276975361,0.16498645430021353,0.49904449610674817,0.05020738163019608,0.3287037037037037,0.33755274261603374,0.3330694578825461,0.33183856502242154,0.9398148148148148,0.06018518518518518,0.6624472573839663,0.28703703703703703,0.3287037037037037,0.32407407407407407,-0.034482758620689655,1.4039408866995073,0.3287037037037037,0.6087962962962963,0.7615740740740741
6,test_error_traces,0.01,,0.4699999999999999,0.856676621967488,0.9107737975674619,0.7822626808034379,0.8677932405566601,0.8005502063273727,0.7639751552795031,0.8328165990937276,0.15371744021350117,0.4706890170656195,0.10098836407530407,0.3287037037037037,,0.0,0.3287037037037037,0.9398148148148148,0.06018518518518518,,0.28703703703703703,0.3287037037037037,0.32407407407407407,-0.034482758620689655,1.4039408866995073,0.3287037037037037,0.6087962962962963,0.7615740740740741
7,validation,0.01,,0.5549999999999999,0.8264150202639424,0.7863732642937051,0.7443843728401827,0.7297687861271677,0.6902050113895216,0.7985637342908438,0.7094357293373917,0.1704215683249473,0.5117762547351059,0.04135054131119294,0.28603603603603606,0.40772532188841204,0.33620821780384835,0.32791728212703103,0.8963963963963963,0.1036036036036036,0.592274678111588,0.18468468468468469,0.28603603603603606,0.42567567567567566,0.5201005025125628,1.4597989949748744,0.28603603603603606,0.5743243243243243,0.740990990990991
7,test,0.01,,0.5549999999999999,0.8359654871765689,0.7985621437089533,0.7542103505766635,0.7268089053803339,0.7184777624942686,0.7899429386590585,0.7226193221120589,0.16640276469169638,0.5019422786002319,0.043782338910006775,0.24074074074074073,0.45147679324894513,0.3140309289987583,0.3153961136023916,0.8842592592592593,0.11574074074074074,0.5485232067510548,0.2569444444444444,0.24074074074074073,0.38657407407407407,0.3219895287958115,1.568062827225131,0.24074074074074073,0.5231481481481481,0.6967592592592593
7,test_error_traces,0.01,,0.5549999999999999,0.8540964618608643,0.9113875614800359,0.7682894579995745,0.8843115124153499,0.7184777624942686,0.8181011535048802,0.7928155831014418,0.15767178066312387,0.4795511337115446,0.10731140469235859,0.24074074074074073,,0.0,0.24074074074074073,0.8842592592592593,0.11574074074074074,,0.2569444444444444,0.24074074074074073,0.38657407407407407,0.3219895287958115,1.568062827225131,0.24074074074074073,0.5231481481481481,0.6967592592592593
8,validation,0.01,,0.5449999999999999,0.8269939433100364,0.7865656205117249,0.7445618612564053,0.7221180880974696,0.7020501138952164,0.7870736086175942,0.711942711942712,0.17048875519439574,0.5130883520953579,0.0374076811119015,0.30180180180180183,0.4206008583690987,0.35143308266652395,0.34268833087149186,0.9009009009009009,0.0990990990990991,0.5793991416309013,0.22522522522522523,0.30180180180180183,0.3738738738738739,0.3925,1.4575,0.30180180180180183,0.581081081081081,0.7319819819819819
8,test,0.01,,0.5449999999999999,0.8258116557142119,0.788976764828282,0.7364805534243672,0.6942477876106194,0.71939477303989,0.7535663338088445,0.7065976131501913,0.17315529350893483,0.5169909840508548,0.04959266312728392,0.23842592592592593,0.4177215189873418,0.30357701067297815,0.30194319880418535,0.8935185185185185,0.10648148148148148,0.5822784810126582,0.2569444444444444,0.23842592592592593,0.39814814814814814,0.22279792746113988,1.5699481865284974,0.23842592592592593,0.5578703703703703,0.7222222222222222
8,test_error_traces,0.01,,0.5449999999999999,0.8496896037285796,0.9078173323779448,0.7549946358544615,0.8692520775623269,0.71939477303989,0.7905944986690329,0.7872553938785751,0.1609396107378724,0.48678327181590586,0.10935963855219558,0.23842592592592593,,0.0,0.23842592592592593,0.8935185185185185,0.10648148148148148,,0.2569444444444444,0.23842592592592593,0.39814814814814814,0.22279792746113988,1.5699481865284974,0.23842592592592593,0.5578703703703703,0.7222222222222222
9,validation,0.01,,0.5449999999999999,0.820344589261542,0.7806207682214545,0.7390310931895978,0.7126969416126042,0.7006833712984055,0.77737881508079,0.7066390994716288,0.1741575880186013,0.5208783075804762,0.042815569873599926,0.29504504504504503,0.3905579399141631,0.3361484343056946,0.32791728212703103,0.9121621621621622,0.08783783783783784,0.6094420600858369,0.22972972972972974,0.29504504504504503,0.38738738738738737,0.37530864197530867,1.5061728395061729,0.29504504504504503,0.5833333333333334,0.7387387387387387
9,test,0.01,,0.5449999999999999,0.8306763247106871,0.7949942532860983,0.7435877121895034,0.7058823529411765,0.7207702888583218,0.7664051355206848,0.7132486388384757,0.17027605582359298,0.5097544369000515,0.048386275389517897,0.24305555555555555,0.4219409282700422,0.3084379819343468,0.3064275037369208,0.9027777777777778,0.09722222222222222,0.5780590717299579,0.22916666666666666,0.24305555555555555,0.4305555555555556,0.37435897435897436,1.5538461538461539,0.24305555555555555,0.5694444444444444,0.7337962962962963
9,test_error_traces,0.01,,0.5449999999999999,0.8542681470650577,0.9107908278103369,0.7681047540121245,0.8831460674157303,0.7207702888583218,0.8154392191659272,0.7937389548093916,0.15780311093387872,0.4801469636717034,0.10780227999438265,0.24305555555555555,,0.0,0.24305555555555555,0.9027777777777778,0.09722222222222222,,0.22916666666666666,0.24305555555555555,0.4305555555555556,0.37435897435897436,1.5538461538461539,0.24305555555555555,0.5694444444444444,0.7337962962962963
10,validation,0.01,,0.6,0.8223282063445976,0.7818003070198359,0.7354621037693796,0.7370579190158892,0.655125284738041,0.8157989228007181,0.693680656054028,0.1732653809472017,0.5196728202305319,0.04538017116773318,0.2882882882882883,0.44635193133047213,0.3503157894736842,0.34268833087149186,0.8761261261261262,0.12387387387387387,0.5536480686695279,0.18693693693693694,0.2882882882882883,0.4009009009009009,0.6066838046272494,1.5526992287917738,0.2882882882882883,0.5405405405405406,0.6779279279279279
10,test,0.01,,0.6,0.8290877445661238,0.7939408303079253,0.7374753169147893,0.728407388916625,0.6689591930307198,0.8059914407988588,0.6974187380497131,0.17086221758766218,0.5129230577378339,0.05143373629009884,0.2523148148148148,0.48523206751054854,0.3319958152900825,0.33482810164424515,0.8773148148148148,0.12268518518518519,0.5147679324894515,0.19675925925925927,0.2523148148148148,0.42824074074074076,0.5883905013192612,1.6385224274406331,0.2523148148148148,0.5254629629629629,0.6782407407407407
10,test_error_traces,0.01,,0.6,0.853201420511988,0.9108314755384532,0.7555088777930884,0.8912645082467929,0.6689591930307198,0.842058562555457,0.7642744892613935,0.15910361576620258,0.48524921051235576,0.11035942841246948,0.2523148148148148,,0.0,0.2523148148148148,0.8773148148148148,0.12268518518518519,,0.19675925925925927,0.2523148148148148,0.42824074074074076,0.5883905013192612,1.6385224274406331,0.2523148148148148,0.5254629629629629,0.6782407407407407
11,validation,0.01,,0.69,0.8244830956597131,0.7845179756808491,0.7193724107752645,0.7644230769230769,0.579498861047836,0.859245960502693,0.6592381445970459,0.17368980446378854,0.5225681767329227,0.05413463273136999,0.25675675675675674,0.5321888412017167,0.346394177754907,0.3515509601181684,0.8468468468468469,0.15315315315315314,0.4678111587982833,0.15090090090090091,0.25675675675675674,0.4391891891891892,0.8031914893617021,1.5797872340425532,0.25675675675675674,0.5067567567567568,0.6711711711711712
11,test,0.01,,0.69,0.8377911688352462,0.8054053148582747,0.7320514971407193,0.7885326757090012,0.5864282439248051,0.8776747503566333,0.6726268735209046,0.1660758424806275,0.5013872079596519,0.05498822303433783,0.24074074074074073,0.6033755274261603,0.34416365824308065,0.3692077727952167,0.8356481481481481,0.16435185185185186,0.39662447257383965,0.13425925925925927,0.24074074074074073,0.46064814814814814,0.9418282548476454,1.6398891966759004,0.24074074074074073,0.5046296296296297,0.6504629629629629
11,test_error_traces,0.01,,0.69,0.8596843677366885,0.9151776484030018,0.7435246809686138,0.9194823867721064,0.5864282439248051,0.9006211180124224,0.7161254199328108,0.15586999870212923,0.4783964146935752,0.10852226705316198,0.24074074074074073,,0.0,0.24074074074074073,0.8356481481481481,0.16435185185185186,,0.13425925925925927,0.24074074074074073,0.46064814814814814,0.9418282548476454,1.6398891966759004,0.24074074074074073,0.5046296296296297,0.6504629629629629
12,validation,0.01,,0.5349999999999999,0.8279198275826813,0.7891403991263288,0.7424941621033604,0.7072515666965085,0.7198177676537585,0.7651705565529623,0.7134793407089636,0.171493551477102,0.5159775881736698,0.0493401225929238,0.27927927927927926,0.3905579399141631,0.325675363657354,0.3175775480059084,0.9346846846846847,0.06531531531531531,0.6094420600858369,0.25900900900900903,0.27927927927927926,0.3963963963963964,0.21927710843373494,1.4240963855421687,0.27927927927927926,0.6126126126126126,0.7635135135135135
12,test,0.01,,0.5349999999999999,0.8357612528378598,0.8053314584455842,0.7493189463404935,0.7072310405643739,0.7354424575882622,0.7631954350927247,0.7210609125646212,0.16759650998366635,0.5035839081954651,0.05656199305377881,0.25,0.3628691983122363,0.29604130808950085,0.28998505231689087,0.9143518518518519,0.08564814814814815,0.6371308016877637,0.2569444444444444,0.25,0.4074074074074074,0.22784810126582278,1.5139240506329115,0.25,0.5763888888888888,0.7361111111111112
12,test_error_traces,0.01,,0.5349999999999999,0.8586583248812952,0.915133361773274,0.7687860025297123,0.8779419813902573,0.7354424575882622,0.8021295474711624,0.8003992015968064,0.15688313300264392,0.47910680413212603,0.10919826365977013,0.25,,0.0,0.25,0.9143518518518519,0.08564814814814815,,0.2569444444444444,0.25,0.4074074074074074,0.22784810126582278,1.5139240506329115,0.25,0.5763888888888888,0.7361111111111112
13,validation,0.01,,0.62,0.8273590623376942,0.7859056963061366,0.7343251964027924,0.7456279809220986,0.6410022779043281,0.8276481149012568,0.6893679568838804,0.17126851614980218,0.5156598069042957,0.046528086794785414,0.26126126126126126,0.45064377682403434,0.33076254616554424,0.32644017725258495,0.8941441441441441,0.10585585585585586,0.5493562231759657,0.20045045045045046,0.26126126126126126,0.43243243243243246,0.6574307304785895,1.614609571788413,0.26126126126126126,0.5540540540540541,0.6914414414414415
13,test,0.01,,0.62,0.8360197752473869,0.8045744899323701,0.7545171926395842,0.7614107883817427,0.6730857404860155,0.8359486447931527,0.7145290825018252,0.16682249525694587,0.5042825370191819,0.05117181964760029,0.25925925925925924,0.5021097046413502,0.34195402298850575,0.3452914798206278,0.8796296296296297,0.12037037037037036,0.4978902953586498,0.1875,0.25925925925925924,0.43287037037037035,0.5789473684210527,1.4842105263157894,0.25925925925925924,0.5578703703703703,0.7129629629629629
13,test_error_traces,0.01,,0.62,0.8608381574027854,0.9180916925852964,0.7708818232155011,0.9084158415841584,0.6730857404860155,0.8686779059449867,0.7732420331840927,0.15589254442316366,0.4772626396367947,0.10968178455156187,0.25925925925925924,,0.0,0.25925925925925924,0.8796296296296297,0.12037037037037036,,0.1875,0.25925925925925924,0.43287037037037035,0.5789473684210527,1.4842105263157894,0.25925925925925924,0.5578703703703703,0.7129629629629629
14,validation,0.01,,0.72,0.829319941273418,0.7928678921856183,0.7146836902868032,0.7933110367892977,0.5403189066059225,0.889048473967684,0.6428184281842818,0.17043017224588453,0.5141359431837373,0.05068711996754178,0.23423423423423423,0.5836909871244635,0.3343102959251205,0.35450516986706054,0.8108108108108109,0.1891891891891892,0.41630901287553645,0.11711711711711711,0.23423423423423423,0.4594594594594595,1.0444444444444445,1.6666666666666667,0.23423423423423423,0.5,0.6216216216216216
14,test,0.01,,0.72,0.8401621839763853,0.8103020501184809,0.7360257273129824,0.8140442132639792,0.5740486015589179,0.8980028530670471,0.6732992739983867,0.1645656614909387,0.49896924553433963,0.05419114917373846,0.2222222222222222,0.6835443037974683,0.3354037267080745,0.38565022421524664,0.8171296296296297,0.18287037037037038,0.31645569620253167,0.12731481481481483,0.2222222222222222,0.4675925925925926,1.045325779036827,1.6628895184135977,0.2222222222222222,0.4837962962962963,0.6319444444444444
14,test_error_traces,0.01,,0.72,0.8630057848149726,0.9177457614470644,0.7435460399098937,0.9274074074074075,0.5740486015589179,0.9130434782608695,0.7091475502690456,0.15433656192693992,0.4741399305817054,0.10729924801216585,0.2222222222222222,,0.0,0.2222222222222222,0.8171296296296297,0.18287037037037038,,0.12731481481481483,0.2222222222222222,0.4675925925925926,1.045325779036827,1.6628895184135977,0.2222222222222222,0.4837962962962963,0.6319444444444444
15,validation,0.01,,0.58,0.8310239936529489,0.7917420054997105,0.7438265521034831,0.7347740667976425,0.6815489749430524,0.8061041292639138,0.7071614275584969,0.169232741699659,0.5117483813791228,0.04756938591168482,0.28378378378378377,0.41201716738197425,0.3360840210052513,0.32791728212703103,0.918918918918919,0.08108108108108109,0.5879828326180258,0.21171171171171171,0.28378378378378377,0.42342342342342343,0.4730392156862745,1.517156862745098,0.28378378378378377,0.5833333333333334,0.7319819819819819
15,test,0.01,,0.58,0.8407778303216535,0.8106458275368891,0.7613686905651911,0.746268656716418,0.7106831728564879,0.8120542082738944,0.7280413339596055,0.16434330305513542,0.4981221032842842,0.05287885400863276,0.2708333333333333,0.45569620253164556,0.3397459165154265,0.336322869955157,0.9143518518518519,0.08564814814814815,0.5443037974683544,0.20833333333333334,0.2708333333333333,0.4351851851851852,0.43544303797468353,1.4177215189873418,0.2708333333333333,0.5856481481481481,0.75
15,test_error_traces,0.01,,0.58,0.8612104132365224,0.9151894967502969,0.7781454905986077,0.8990719257540604,0.7106831728564879,0.8456078083407276,0.7938540332906531,0.15461234833978085,0.4750002176966145,0.10540900704639164,0.2708333333333333,,0.0,0.2708333333333333,0.9143518518518519,0.08564814814814815,,0.20833333333333334,0.2708333333333333,0.4351851851851852,0.43544303797468353,1.4177215189873418,0.2708333333333333,0.5856481481481481,0.75
16,validation,0.01,,0.635,0.832744240828061,0.7953944736661522,0.7437921995067949,0.767467248908297,0.6405466970387244,0.8470377019748654,0.6982865656816489,0.16833134998151583,0.5130150910252352,0.048007796953774315,0.26126126126126126,0.4978540772532189,0.3426883308714918,0.34268833087149186,0.8828828828828829,0.11711711711711711,0.5021459227467812,0.18468468468468469,0.26126126126126126,0.4369369369369369,0.6505102040816326,1.538265306122449,0.26126126126126126,0.5540540540540541,0.7027027027027027
16,test,0.01,,0.635,0.8497564558654336,0.8201345738111716,0.7546701639957589,0.7660357518401683,0.6680421824850986,0.8412981455064193,0.7136909135439629,0.15983281793312534,0.48510094000095316,0.04904259937320577,0.2361111111111111,0.5274261603375527,0.32619541023869825,0.3393124065769806,0.8842592592592593,0.11574074074074074,0.47257383966244726,0.19675925925925927,0.2361111111111111,0.4513888888888889,0.6020942408376964,1.4764397905759161,0.2361111111111111,0.5625,0.7314814814814815
16,test_error_traces,0.01,,0.635,0.8713447223276608,0.9219363445189163,0.7692473556613604,0.9089207735495946,0.6680421824850986,0.870452528837622,0.7700845665961946,0.14908071469377965,0.457841162990292,0.10232929739511298,0.2361111111111111,,0.0,0.2361111111111111,0.8842592592592593,0.11574074074074074,,0.19675925925925927,0.2361111111111111,0.4513888888888889,0.6020942408376964,1.4764397905759161,0.2361111111111111,0.5625,0.7314814814814815
17,validation,0.01,,0.57,0.8347946000989681,0.798669160753622,0.7533937502811596,0.7401347449470644,0.7006833712984055,0.8061041292639138,0.7198689445354551,0.16726134720658295,0.508530855930564,0.04771940885753329,0.29954954954954954,0.43776824034334766,0.3557035541513169,0.34711964549483015,0.9166666666666666,0.08333333333333333,0.5622317596566524,0.21171171171171171,0.29954954954954954,0.40540540540540543,0.4742014742014742,1.4471744471744472,0.29954954954954954,0.5923423423423423,0.7612612612612613
17,test,0.01,,0.57,0.8501242084897386,0.8184828600721181,0.7669214445074535,0.7419804741980475,0.7317744154057771,0.8020684736091298,0.736842105263158,0.15965522170331573,0.48652802595876593,0.05060238645497309,0.3055555555555556,0.4219409282700422,0.3544385371354922,0.34678624813153963,0.9305555555555556,0.06944444444444445,0.5780590717299579,0.2175925925925926,0.3055555555555556,0.4074074074074074,0.35323383084577115,1.3482587064676617,0.3055555555555556,0.6134259259259259,0.7893518518518519
17,test_error_traces,0.01,,0.57,0.8708776734783382,0.9198106670330769,0.7869164889806171,0.8996617812852311,0.7317744154057771,0.842058562555457,0.8070796460176991,0.14922463977318426,0.46055609205514864,0.1021429450413102,0.3055555555555556,,0.0,0.3055555555555556,0.9305555555555556,0.06944444444444445,,0.2175925925925926,0.3055555555555556,0.4074074074074074,0.35323383084577115,1.3482587064676617,0.3055555555555556,0.6134259259259259,0.7893518518518519
18,validation,0.01,,0.5399999999999999,0.8449421935768825,0.8145455372094924,0.7671846820135529,0.7444444444444445,0.7325740318906606,0.8017953321364453,0.7384615384615385,0.16159116988434039,0.4925796011703009,0.0459959166257417,0.3063063063063063,0.41201716738197425,0.3513833566584132,0.34268833087149186,0.9256756756756757,0.07432432432432433,0.5879828326180258,0.22747747747747749,0.3063063063063063,0.3918918918918919,0.3357664233576642,1.289537712895377,0.3063063063063063,0.6554054054054054,0.7927927927927928
18,test,0.01,,0.5399999999999999,0.8542265552387662,0.8257028706491039,0.7688569286949083,0.7316094516272849,0.7524071526822559,0.7853067047075606,0.7418625678119349,0.1582857437227298,0.48113370429427876,0.05068216198200343,0.30324074074074076,0.4092827004219409,0.3483708242518951,0.34080717488789236,0.9236111111111112,0.0763888888888889,0.5907172995780591,0.25,0.30324074074074076,0.37037037037037035,0.19799498746867167,1.3408521303258145,0.30324074074074076,0.6296296296296297,0.7777777777777778
18,test_error_traces,0.01,,0.5399999999999999,0.8716754807897683,0.922420363391385,0.7874724317093622,0.8913633894622488,0.7524071526822559,0.8225377107364685,0.8160119343610144,0.14825349458886766,0.45521883152970577,0.09566625074648595,0.30324074074074076,,0.0,0.30324074074074076,0.9236111111111112,0.0763888888888889,,0.25,0.30324074074074076,0.37037037037037035,0.19799498746867167,1.3408521303258145,0.30324074074074076,0.6296296296296297,0.7777777777777778
19,validation,0.01,,0.5549999999999999,0.846647718210557,0.8133742823311331,0.763590337105303,0.7508385241974126,0.7138952164009111,0.8132854578096947,0.7319009808500699,0.16071481509166452,0.49001876542785017,0.044148835352621145,0.30180180180180183,0.45493562231759654,0.36287458804894873,0.35450516986706054,0.9301801801801802,0.06981981981981981,0.5450643776824035,0.21621621621621623,0.30180180180180183,0.41216216216216217,0.38498789346246975,1.305084745762712,0.30180180180180183,0.6509009009009009,0.795045045045045
19,test,0.01,,0.5549999999999999,0.8554414961007429,0.8275159562933435,0.7683478145127056,0.7402298850574712,0.7381934892251261,0.7985021398002853,0.7392102846648302,0.15684292570036917,0.4783105149629335,0.048061426666917206,0.3194444444444444,0.4472573839662447,0.3726973935641672,0.36472346786248133,0.9305555555555556,0.06944444444444445,0.5527426160337553,0.23148148148148148,0.3194444444444444,0.37962962962962965,0.21144278606965175,1.3855721393034826,0.3194444444444444,0.6111111111111112,0.7685185185185185
19,test_error_traces,0.01,,0.5549999999999999,0.8707580634071703,0.9203271492268781,0.7816965671502738,0.8909795240730493,0.7381934892251261,0.8251996450754214,0.8074222668004012,0.14899424206014736,0.45881534951272723,0.09764752102888302,0.3194444444444444,,0.0,0.3194444444444444,0.9305555555555556,0.06944444444444445,,0.23148148148148148,0.3194444444444444,0.37962962962962965,0.21144278606965175,1.3855721393034826,0.3194444444444444,0.6111111111111112,0.7685185185185185
20,validation,0.01,,0.5299999999999999,0.8525503122405662,0.824865242403488,0.7688197020321197,0.7415679124886053,0.7412300683371298,0.7964093357271095,0.7413989519252677,0.15709808183205595,0.4787663681790409,0.03985561797435512,0.3130630630630631,0.3948497854077253,0.34923192462620334,0.3412112259970458,0.9234234234234234,0.07657657657657657,0.6051502145922747,0.22522522522522523,0.3130630630630631,0.38513513513513514,0.23414634146341465,1.3073170731707318,0.3130630630630631,0.6463963963963963,0.7837837837837838
20,test,0.01,,0.5299999999999999,0.8669541645164012,0.844736923810814,0.788725790300226,0.7494495816820784,0.7803759743237048,0.7970756062767475,0.7646001796945193,0.1495771235883871,0.46031314144652163,0.054761919131292,0.3333333333333333,0.4767932489451477,0.39236111111111105,0.3841554559043348,0.9375,0.0625,0.5232067510548524,0.24305555555555555,0.3333333333333333,0.3611111111111111,0.12345679012345678,1.288888888888889,0.3333333333333333,0.6504629629629629,0.7754629629629629
20,test_error_traces,0.01,,0.5299999999999999,0.8754167536280705,0.9252301340229465,0.7983512524679748,0.891566265060241,0.7803759743237048,0.8163265306122449,0.832273838630807,0.14346670479838572,0.44583507348286544,0.08848146574000183,0.3333333333333333,,0.0,0.3333333333333333,0.9375,0.0625,,0.24305555555555555,0.3333333333333333,0.3611111111111111,0.12345679012345678,1.288888888888889,0.3333333333333333,0.6504629629629629,0.7754629629629629
21,validation,0.01,,0.6499999999999999,0.8527390879385579,0.8293180854945563,0.7572706861931189,0.79841449603624,0.642369020501139,0.8721723518850988,0.7119414289320879,0.15712354403794646,0.4783026976792656,0.04596852801647384,0.2635135135135135,0.5622317596566524,0.35884108867427567,0.3663220088626292,0.8716216216216216,0.12837837837837837,0.43776824034334766,0.1463963963963964,0.2635135135135135,0.4617117117117117,0.7545219638242894,1.4470284237726099,0.2635135135135135,0.5743243243243243,0.7117117117117117
21,test,0.01,,0.6499999999999999,0.8671376320328397,0.8457969626012362,0.7803727039579929,0.8067632850241546,0.6891334250343879,0.8716119828815977,0.7433234421364985,0.14960888669439773,0.4576026322447145,0.051280181446107,0.2916666666666667,0.620253164556962,0.3967611336032389,0.4080717488789238,0.8703703703703703,0.12962962962962962,0.379746835443038,0.17592592592592593,0.2916666666666667,0.4027777777777778,0.5319148936170213,1.377659574468085,0.2916666666666667,0.5833333333333334,0.7222222222222222
21,test_error_traces,0.01,,0.6499999999999999,0.8759472690457681,0.9270685635683462,0.7833422227212756,0.9159049360146252,0.6891334250343879,0.8775510204081632,0.7864992150706436,0.14395967034385815,0.44310975521454443,0.08873131573368064,0.2916666666666667,,0.0,0.2916666666666667,0.8703703703703703,0.12962962962962962,,0.17592592592592593,0.2916666666666667,0.4027777777777778,0.5319148936170213,1.377659574468085,0.2916666666666667,0.5833333333333334,0.7222222222222222
22,validation,0.01,,0.585,0.8509154558057934,0.8280884614470544,0.7610944573721081,0.7625502008032129,0.6920273348519362,0.8301615798922801,0.7255791736326727,0.1580593781646217,0.4797044251794604,0.04687978081834873,0.30405405405405406,0.4892703862660944,0.3750411229301459,0.36779911373707536,0.9076576576576577,0.09234234234234234,0.5107296137339056,0.17792792792792791,0.30405405405405406,0.42567567567567566,0.5310173697270472,1.369727047146402,0.30405405405405406,0.6103603603603603,0.7567567567567568
22,test,0.01,,0.585,0.8680011720990711,0.8461034309457028,0.783836021246912,0.7750848279205041,0.7331499312242091,0.8345221112696148,0.7535344015080113,0.14902543156654813,0.455335112217912,0.048141653895363595,0.32175925925925924,0.5358649789029536,0.4020863940232556,0.3976083707025411,0.9120370370370371,0.08796296296296297,0.4641350210970464,0.21064814814814814,0.32175925925925924,0.37962962962962965,0.33756345177664976,1.33248730964467,0.32175925925925924,0.6342592592592593,0.7592592592592593
22,test_error_traces,0.01,,0.585,0.8773394651802471,0.9279262708564101,0.7907098369519449,0.9033898305084745,0.7331499312242091,0.8482697426796806,0.8094153378891421,0.14275102780722307,0.43870548675126486,0.08920015489172672,0.32175925925925924,,0.0,0.32175925925925924,0.9120370370370371,0.08796296296296297,,0.21064814814814814,0.32175925925925924,0.37962962962962965,0.33756345177664976,1.33248730964467,0.32175925925925924,0.6342592592592593,0.7592592592592593
23,validation,0.01,,0.6449999999999999,0.8506653361851441,0.82928893280488,0.7626546378050326,0.8,0.6542141230068337,0.8710951526032316,0.7197994987468671,0.158096718975361,0.4795718831649417,0.04484106439065197,0.28378378378378377,0.5879828326180258,0.3828088616858492,0.38847858197932056,0.8873873873873874,0.11261261261261261,0.41201716738197425,0.14864864864864866,0.28378378378378377,0.45495495495495497,0.6852791878172588,1.3705583756345177,0.28378378378378377,0.5990990990990991,0.7274774774774775
23,test,0.01,,0.6449999999999999,0.8659709290651136,0.8430157040470366,0.7800670882822143,0.8087520259319287,0.686382393397524,0.8737517831669044,0.7425595238095238,0.14995997941189534,0.4584444964259794,0.04602613472576044,0.28935185185185186,0.6118143459915611,0.39289004497913615,0.40358744394618834,0.8865740740740741,0.11342592592592593,0.3881856540084388,0.1712962962962963,0.28935185185185186,0.42592592592592593,0.587467362924282,1.3968668407310705,0.28935185185185186,0.5925925925925926,0.7268518518518519
23,test_error_traces,0.01,,0.6449999999999999,0.873483464314498,0.9252054789516032,0.7824103626260025,0.916156670746634,0.686382393397524,0.878438331854481,0.7847968545216251,0.14510404017788123,0.4455103275330127,0.0903753888276019,0.28935185185185186,,0.0,0.28935185185185186,0.8865740740740741,0.11342592592592593,,0.1712962962962963,0.28935185185185186,0.42592592592592593,0.587467362924282,1.3968668407310705,0.28935185185185186,0.5925925925925926,0.7268518518518519
24,validation,0.01,,0.5549999999999999,0.8405390086004179,0.819477522233811,0.7600266641583818,0.7411764705882353,0.7175398633257403,0.8025134649910234,0.7291666666666667,0.16497809427027618,0.4977045784271994,0.05926557398569228,0.30180180180180183,0.4678111587982833,0.3669019568439298,0.35893648449039883,0.9166666666666666,0.08333333333333333,0.5321888412017167,0.1981981981981982,0.30180180180180183,0.4166666666666667,0.43734643734643736,1.4004914004914004,0.30180180180180183,0.6193693693693694,0.75
24,test,0.01,,0.5549999999999999,0.8617897665024288,0.8394972017854725,0.7772123042931398,0.746255106672719,0.7537826685006878,0.800641940085592,0.7500000000000001,0.15293758603949878,0.46647831367911147,0.052359491053138585,0.27546296296296297,0.48945147679324896,0.3525250590563749,0.351270553064275,0.9282407407407407,0.07175925925925926,0.510548523206751,0.2523148148148148,0.27546296296296297,0.40046296296296297,0.2344139650872818,1.4413965087281795,0.27546296296296297,0.6157407407407407,0.7523148148148148
24,test_error_traces,0.01,,0.5549999999999999,0.8702108676734255,0.9233329615361134,0.7819490094943545,0.8848223896663079,0.7537826685006878,0.8101153504880213,0.8140628868531814,0.14721012620857568,0.45214915047685356,0.08939255259368079,0.27546296296296297,,0.0,0.27546296296296297,0.9282407407407407,0.07175925925925926,,0.2523148148148148,0.27546296296296297,0.40046296296296297,0.2344139650872818,1.4413965087281795,0.27546296296296297,0.6157407407407407,0.7523148148148148
25,validation,0.01,,0.62,0.8450117166892276,0.8241804795412232,0.7547878931634243,0.7715494447382337,0.6646924829157176,0.844883303411131,0.7141458639255995,0.16147979052152486,0.4899444432244674,0.04871232382706914,0.28378378378378377,0.5321888412017167,0.37017556329518797,0.36927621861152143,0.8558558558558559,0.14414414414414414,0.4678111587982833,0.15990990990990991,0.28378378378378377,0.41216216216216217,0.6026315789473684,1.4552631578947368,0.28378378378378377,0.5608108108108109,0.6869369369369369
25,test,0.01,,0.62,0.8570210827395985,0.8332848499362857,0.7693932686716625,0.7733739837398373,0.69784502521779,0.8409415121255349,0.7336707640395276,0.15575486873073086,0.47371455696808873,0.049682338154889864,0.2662037037037037,0.5485232067510548,0.3584487202541509,0.3662182361733931,0.8912037037037037,0.1087962962962963,0.45147679324894513,0.19444444444444445,0.2662037037037037,0.4305555555555556,0.5038961038961038,1.5116883116883117,0.2662037037037037,0.5717592592592593,0.7245370370370371
25,test_error_traces,0.01,,0.62,0.8681913289207794,0.9225885183166094,0.7743883511182118,0.9005917159763314,0.69784502521779,0.8509316770186336,0.7863601136657195,0.14976902861846342,0.45891857844804707,0.0945538688245523,0.2662037037037037,,0.0,0.2662037037037037,0.8912037037037037,0.1087962962962963,,0.19444444444444445,0.2662037037037037,0.4305555555555556,0.5038961038961038,1.5116883116883117,0.2662037037037037,0.5717592592592593,0.7245370370370371
26,validation,0.01,,0.59,0.8393926133737931,0.8180004201981421,0.7579671441950246,0.759175465057818,0.6879271070615034,0.8280071813285458,0.7217973231357552,0.16453897620819793,0.4979498398794219,0.051346128863796754,0.3108108108108108,0.4978540772532189,0.3827009969160152,0.37518463810930575,0.8828828828828829,0.11711711711711711,0.5021459227467812,0.16216216216216217,0.3108108108108108,0.4099099099099099,0.5535714285714286,1.375,0.3108108108108108,0.5855855855855856,0.7162162162162162
26,test,0.01,,0.59,0.8551826466546448,0.8321054081072654,0.767380440335121,0.7564414195430238,0.7134342044933517,0.8213266761768901,0.734308636149127,0.15648313706041045,0.47675546921699596,0.05076190906652968,0.24768518518518517,0.5063291139240507,0.3326467959429527,0.3393124065769806,0.9120370370370371,0.08796296296296297,0.4936708860759494,0.2175925925925926,0.24768518518518517,0.44675925925925924,0.42385786802030456,1.5406091370558375,0.24768518518518517,0.5763888888888888,0.7337962962962963
26,test_error_traces,0.01,,0.59,0.8661599918958075,0.9220381890317586,0.7715352034001808,0.8901601830663616,0.7134342044933517,0.8296362023070097,0.7920590481038431,0.15075422807549396,0.46188527345140756,0.09422505686241747,0.24768518518518517,,0.0,0.24768518518518517,0.9120370370370371,0.08796296296296297,,0.2175925925925926,0.24768518518518517,0.44675925925925924,0.42385786802030456,1.5406091370558375,0.24768518518518517,0.5763888888888888,0.7337962962962963
27,validation,0.01,,0.5599999999999999,0.8404601612118289,0.815225536655451,0.7541466446919103,0.7426221577164973,0.6993166287015945,0.8089766606822262,0.720319099014547,0.1637471114788098,0.49589433387559795,0.048327486393905605,0.28153153153153154,0.45064377682403434,0.34655752854973926,0.3397341211225997,0.8941441441441441,0.10585585585585586,0.5493562231759657,0.20045045045045046,0.28153153153153154,0.41216216216216217,0.4609571788413098,1.438287153652393,0.28153153153153154,0.5900900900900901,0.7387387387387387
27,test,0.01,,0.5599999999999999,0.8513798654048288,0.8261171659690609,0.7666156653133893,0.7388300322432059,0.7354424575882622,0.7977888730385164,0.7371323529411764,0.15899788982036012,0.48411064812668436,0.054597648624050754,0.2800925925925926,0.4810126582278481,0.3540327237728585,0.351270553064275,0.9050925925925926,0.09490740740740741,0.5189873417721519,0.22916666666666666,0.2800925925925926,0.3958333333333333,0.27365728900255754,1.485933503836317,0.2800925925925926,0.5972222222222222,0.7268518518518519
27,test_error_traces,0.01,,0.5599999999999999,0.8641111608808346,0.9201556397807813,0.7736662154844594,0.8832599118942731,0.7354424575882622,0.8118899733806566,0.8026019514635977,0.1515013312941709,0.46518764596752293,0.09456490855539917,0.2800925925925926,,0.0,0.2800925925925926,0.9050925925925926,0.09490740740740741,,0.22916666666666666,0.2800925925925926,0.3958333333333333,0.27365728900255754,1.485933503836317,0.2800925925925926,0.5972222222222222,0.7268518518518519
28,validation,0.01,,0.5299999999999999,0.842425456909984,0.8198496037568405,0.7585478666628497,0.7339491916859122,0.7239179954441913,0.793177737881508,0.7288990825688072,0.1626866686593146,0.49266975645940314,0.04364831047362109,0.2905405405405405,0.41201716738197425,0.34077681925124864,0.33234859675036926,0.918918918918919,0.08108108108108109,0.5879828326180258,0.22522522522522523,0.2905405405405405,0.40315315315315314,0.39950980392156865,1.428921568627451,0.2905405405405405,0.6103603603603603,0.7567567567567568
28,test,0.01,,0.5299999999999999,0.8491573248670105,0.824532944196193,0.7657235095471786,0.722465034965035,0.7579092159559835,0.7735378031383737,0.7397628104721414,0.16078479526464612,0.48704670686644386,0.05931611012254072,0.2916666666666667,0.4388185654008439,0.35042117930204575,0.34379671150971597,0.9143518518518519,0.08564814814814815,0.5611814345991561,0.2337962962962963,0.2916666666666667,0.3888888888888889,0.189873417721519,1.4708860759493672,0.2916666666666667,0.6064814814814815,0.7453703703703703
28,test_error_traces,0.01,,0.5299999999999999,0.8622869038770344,0.9178928460791673,0.7786884145440964,0.8797232570516232,0.7579092159559835,0.7994676131322094,0.8142857142857143,0.15288784064137362,0.4666985299951333,0.09323755403833711,0.2916666666666667,,0.0,0.2916666666666667,0.9143518518518519,0.08564814814814815,,0.2337962962962963,0.2916666666666667,0.3888888888888889,0.189873417721519,1.4708860759493672,0.2916666666666667,0.6064814814814815,0.7453703703703703
